StockItemKey,WWIStockItemID,StockItem,Color,SellingPackage,BuyingPackage,Brand,Size,LeadTimeDays,QuantityPerOuter,IsChillerStock,Barcode,TaxRate,UnitPrice,RecommendedRetailPrice,TypicalWeightPerUnit
220,221,Novelty chilli chocolates 500g,,Bag,Carton,,500g,3,12,True,8302039293647.0,3.0,14.5,20.74,0.5
221,220,Novelty chilli chocolates 250g,,Bag,Carton,,250g,3,24,True,8302039293929.0,3.0,8.55,12.23,0.25
222,223,Chocolate echidnas 250g,,Bag,Carton,,250g,3,24,True,8792838293728.0,3.0,8.55,12.23,0.25
223,222,Chocolate beetles 250g,,Bag,Carton,,250g,3,24,True,8792838293820.0,3.0,8.55,12.23,0.25
224,225,Chocolate sharks 250g,,Bag,Carton,,250g,3,24,True,8792838293234.0,3.0,8.55,12.23,0.25
225,224,Chocolate frogs 250g,,Bag,Carton,,250g,3,24,True,8792838293987.0,3.0,8.55,12.23,0.25
226,227,White chocolate moon rocks 250g,,Bag,Carton,,250g,3,24,True,8792838293289.0,3.0,8.55,12.23,0.25
227,226,White chocolate snow balls 250g,,Bag,Carton,,250g,3,24,True,8792838293236.0,3.0,8.55,12.23,0.25
445,220,Novelty chilli chocolates 250g,,Bag,Carton,,250g,3,24,True,8302039293929.0,3.0,8.55,12.23,0.25
446,221,Novelty chilli chocolates 500g,,Bag,Carton,,500g,3,12,True,8302039293647.0,3.0,14.5,20.74,0.5
447,222,Chocolate beetles 250g,,Bag,Carton,,250g,3,24,True,8792838293820.0,3.0,8.55,12.23,0.25
448,223,Chocolate echidnas 250g,,Bag,Carton,,250g,3,24,True,8792838293728.0,3.0,8.55,12.23,0.25
449,224,Chocolate frogs 250g,,Bag,Carton,,250g,3,24,True,8792838293987.0,3.0,8.55,12.23,0.25
450,225,Chocolate sharks 250g,,Bag,Carton,,250g,3,24,True,8792838293234.0,3.0,8.55,12.23,0.25
451,226,White chocolate snow balls 250g,,Bag,Carton,,250g,3,24,True,8792838293236.0,3.0,8.55,12.23,0.25
452,227,White chocolate moon rocks 250g,,Bag,Carton,,250g,3,24,True,8792838293289.0,3.0,8.55,12.23,0.25
0,0,Unknown,,,,,,0,0,False,,0.0,0.0,0.0,0.0
79,141,Furry animal socks (Pink) XL,,Pair,Packet,,XL,12,12,False,,12.0,5.0,7.48,0.1
80,140,Furry animal socks (Pink) L,,Pair,Packet,,L,12,12,False,,12.0,5.0,7.48,0.1
441,138,Furry animal socks (Pink) S,,Pair,Packet,,S,12,12,False,,12.0,5.0,7.48,0.1
442,139,Furry animal socks (Pink) M,,Pair,Packet,,M,12,12,False,,12.0,5.0,7.48,0.1
443,140,Furry animal socks (Pink) L,,Pair,Packet,,L,12,12,False,,12.0,5.0,7.48,0.1
444,141,Furry animal socks (Pink) XL,,Pair,Packet,,XL,12,12,False,,12.0,5.0,7.48,0.1
81,139,Furry animal socks (Pink) M,,Pair,Packet,,M,12,12,False,,12.0,5.0,7.48,0.1
82,138,Furry animal socks (Pink) S,,Pair,Packet,,S,12,12,False,,12.0,5.0,7.48,0.1
595,8,USB food flash drive - dim sum 10 drive variety pack,,Packet,Packet,,,14,1,False,,14.0,240.0,358.8,0.5
602,15,USB food flash drive - dessert 10 drive variety pack,,Packet,Packet,,,14,1,False,,14.0,240.0,358.8,0.5
237,15,USB food flash drive - dessert 10 drive variety pack,,Packet,Packet,,,14,1,False,,14.0,240.0,358.8,0.5
388,152,Pack of 12 action figures (female),,Packet,Packet,,,2,1,False,,2.0,16.0,23.92,0.25
389,151,Pack of 12 action figures (male),,Packet,Packet,,,2,1,False,,2.0,16.0,23.92,0.25
390,150,Pack of 12 action figures (variety),,Packet,Packet,,,2,1,False,,2.0,16.0,23.92,0.25
537,15,USB food flash drive - dessert 10 drive variety pack,,Packet,Packet,,,14,1,False,,14.0,240.0,358.8,0.5
205,15,USB food flash drive - dessert 10 drive variety pack,,Packet,Packet,,,14,1,False,,14.0,240.0,358.8,0.5
212,8,USB food flash drive - dim sum 10 drive variety pack,,Packet,Packet,,,14,1,False,,14.0,240.0,358.8,0.5
485,150,Pack of 12 action figures (variety),,Packet,Packet,,,2,1,False,,2.0,16.0,23.92,0.25
244,8,USB food flash drive - dim sum 10 drive variety pack,,Packet,Packet,,,14,1,False,,14.0,240.0,358.8,0.5
486,151,Pack of 12 action figures (male),,Packet,Packet,,,2,1,False,,2.0,16.0,23.92,0.25
487,152,Pack of 12 action figures (female),,Packet,Packet,,,2,1,False,,2.0,16.0,23.92,0.25
68,152,Pack of 12 action figures (female),,Packet,Packet,,,2,1,False,,2.0,16.0,23.92,0.25
69,151,Pack of 12 action figures (male),,Packet,Packet,,,2,1,False,,2.0,16.0,23.92,0.25
70,150,Pack of 12 action figures (variety),,Packet,Packet,,,2,1,False,,2.0,16.0,23.92,0.25
544,8,USB food flash drive - dim sum 10 drive variety pack,,Packet,Packet,,,14,1,False,,14.0,240.0,358.8,0.5
641,189,Clear packaging tape 48mmx75m,,Each,Each,,48mmx75m,14,26,False,,14.0,2.9,4.34,0.5
642,190,Clear packaging tape 48mmx100m,,Each,Each,,48mmx100m,14,20,False,,14.0,3.5,5.23,0.7
643,191,Black and orange fragile despatch tape 48mmx75m,,Each,Each,,48mmx75m,14,36,False,,14.0,3.7,5.53,0.5
644,192,Black and orange fragile despatch tape 48mmx100m,,Each,Each,,48mmx100m,14,36,False,,14.0,4.1,6.13,0.7
10,210,Packing knife with metal insert blade (Yellow) 18mm,,Each,Each,,18mm,14,5,False,,14.0,2.4,3.59,0.5
11,209,Packing knife with metal insert blade (Yellow) 9mm,,Each,Each,,9mm,14,5,False,,14.0,1.89,2.83,0.5
28,192,Black and orange fragile despatch tape 48mmx100m,,Each,Each,,48mmx100m,14,36,False,,14.0,4.1,6.13,0.7
29,191,Black and orange fragile despatch tape 48mmx75m,,Each,Each,,48mmx75m,14,36,False,,14.0,3.7,5.53,0.5
30,190,Clear packaging tape 48mmx100m,,Each,Each,,48mmx100m,14,20,False,,14.0,3.5,5.23,0.7
31,189,Clear packaging tape 48mmx75m,,Each,Each,,48mmx75m,14,26,False,,14.0,2.9,4.34,0.5
302,210,Packing knife with metal insert blade (Yellow) 18mm,,Each,Each,,18mm,14,5,False,,14.0,2.4,3.59,0.5
303,209,Packing knife with metal insert blade (Yellow) 9mm,,Each,Each,,9mm,14,5,False,,14.0,1.89,2.83,0.5
320,192,Black and orange fragile despatch tape 48mmx100m,,Each,Each,,48mmx100m,14,36,False,,14.0,4.1,6.13,0.7
321,191,Black and orange fragile despatch tape 48mmx75m,,Each,Each,,48mmx75m,14,36,False,,14.0,3.7,5.53,0.5
322,190,Clear packaging tape 48mmx100m,,Each,Each,,48mmx100m,14,20,False,,14.0,3.5,5.23,0.7
323,189,Clear packaging tape 48mmx75m,,Each,Each,,48mmx75m,14,26,False,,14.0,2.9,4.34,0.5
661,209,Packing knife with metal insert blade (Yellow) 9mm,,Each,Each,,9mm,14,5,False,,14.0,1.89,2.83,0.5
662,210,Packing knife with metal insert blade (Yellow) 18mm,,Each,Each,,18mm,14,5,False,,14.0,2.4,3.59,0.5
645,193,Black and orange glass with care despatch tape 48mmx75m,,Each,Each,,48mmx75m,14,24,False,,14.0,3.7,5.53,0.5
646,194,Black and orange glass with care despatch tape  48mmx100m,,Each,Each,,48mmx100m,14,24,False,,14.0,4.1,6.13,0.7
647,195,Black and orange handle with care despatch tape  48mmx75m,,Each,Each,,48mmx75m,14,24,False,,14.0,3.7,5.53,0.5
18,202,Red and white urgent  heavy despatch tape  48mmx100m,,Each,Each,,48mmx100m,14,24,False,,14.0,4.1,6.13,0.7
19,201,Red and white urgent despatch tape 48mmx75m,,Each,Each,,48mmx75m,14,24,False,,14.0,3.7,5.53,0.5
20,200,Black and yellow heavy despatch tape 48mmx100m,,Each,Each,,48mmx100m,14,24,False,,14.0,4.1,6.13,0.7
21,199,Black and yellow heavy despatch tape  48mmx75m,,Each,Each,,48mmx75m,14,24,False,,14.0,3.7,5.53,0.5
22,198,Black and orange this way up despatch tape  48mmx100m,,Each,Each,,48mmx100m,14,24,False,,14.0,4.1,6.13,0.7
23,197,Black and orange this way up despatch tape 48mmx75m,,Each,Each,,48mmx75m,14,24,False,,14.0,3.7,5.53,0.5
24,196,Black and orange handle with care despatch tape  48mmx100m,,Each,Each,,48mmx100m,14,24,False,,14.0,4.1,6.13,0.7
25,195,Black and orange handle with care despatch tape  48mmx75m,,Each,Each,,48mmx75m,14,24,False,,14.0,3.7,5.53,0.5
26,194,Black and orange glass with care despatch tape  48mmx100m,,Each,Each,,48mmx100m,14,24,False,,14.0,4.1,6.13,0.7
27,193,Black and orange glass with care despatch tape 48mmx75m,,Each,Each,,48mmx75m,14,24,False,,14.0,3.7,5.53,0.5
310,202,Red and white urgent  heavy despatch tape  48mmx100m,,Each,Each,,48mmx100m,14,24,False,,14.0,4.1,6.13,0.7
311,201,Red and white urgent despatch tape 48mmx75m,,Each,Each,,48mmx75m,14,24,False,,14.0,3.7,5.53,0.5
312,200,Black and yellow heavy despatch tape 48mmx100m,,Each,Each,,48mmx100m,14,24,False,,14.0,4.1,6.13,0.7
313,199,Black and yellow heavy despatch tape  48mmx75m,,Each,Each,,48mmx75m,14,24,False,,14.0,3.7,5.53,0.5
314,198,Black and orange this way up despatch tape  48mmx100m,,Each,Each,,48mmx100m,14,24,False,,14.0,4.1,6.13,0.7
315,197,Black and orange this way up despatch tape 48mmx75m,,Each,Each,,48mmx75m,14,24,False,,14.0,3.7,5.53,0.5
316,196,Black and orange handle with care despatch tape  48mmx100m,,Each,Each,,48mmx100m,14,24,False,,14.0,4.1,6.13,0.7
317,195,Black and orange handle with care despatch tape  48mmx75m,,Each,Each,,48mmx75m,14,24,False,,14.0,3.7,5.53,0.5
318,194,Black and orange glass with care despatch tape  48mmx100m,,Each,Each,,48mmx100m,14,24,False,,14.0,4.1,6.13,0.7
319,193,Black and orange glass with care despatch tape 48mmx75m,,Each,Each,,48mmx75m,14,24,False,,14.0,3.7,5.53,0.5
648,196,Black and orange handle with care despatch tape  48mmx100m,,Each,Each,,48mmx100m,14,24,False,,14.0,4.1,6.13,0.7
649,197,Black and orange this way up despatch tape 48mmx75m,,Each,Each,,48mmx75m,14,24,False,,14.0,3.7,5.53,0.5
650,198,Black and orange this way up despatch tape  48mmx100m,,Each,Each,,48mmx100m,14,24,False,,14.0,4.1,6.13,0.7
651,199,Black and yellow heavy despatch tape  48mmx75m,,Each,Each,,48mmx75m,14,24,False,,14.0,3.7,5.53,0.5
652,200,Black and yellow heavy despatch tape 48mmx100m,,Each,Each,,48mmx100m,14,24,False,,14.0,4.1,6.13,0.7
653,201,Red and white urgent despatch tape 48mmx75m,,Each,Each,,48mmx75m,14,24,False,,14.0,3.7,5.53,0.5
654,202,Red and white urgent  heavy despatch tape  48mmx100m,,Each,Each,,48mmx100m,14,24,False,,14.0,4.1,6.13,0.7
634,182,Shipping carton (Brown) 457x279x279mm,,Each,Each,,457x279x279mm,14,25,False,,14.0,1.28,1.91,0.4
635,183,Shipping carton (Brown) 480x270x320mm,,Each,Each,,480x270x320mm,14,25,False,,14.0,2.74,4.1,0.4
636,184,Shipping carton (Brown) 305x305x305mm,,Each,Each,,305x305x305mm,14,25,False,,14.0,3.5,5.23,0.3
637,185,Shipping carton (Brown) 356x356x279mm,,Each,Each,,356x356x279mm,14,25,False,,14.0,2.04,3.05,0.3
638,186,Shipping carton (Brown) 457x457x457mm,,Each,Each,,457x457x457mm,14,25,False,,14.0,2.1,3.14,0.4
639,187,Express post box 5kg (White) 350x280x130mm,,Each,Each,,350x280x130mm,14,25,False,,14.0,0.95,1.42,0.2
640,188,3 kg Courier post bag (White) 300x190x95mm,,Each,Each,,300x190x95mm,14,25,False,,14.0,0.66,0.99,0.1
32,188,3 kg Courier post bag (White) 300x190x95mm,,Each,Each,,300x190x95mm,14,25,False,,14.0,0.66,0.99,0.1
33,187,Express post box 5kg (White) 350x280x130mm,,Each,Each,,350x280x130mm,14,25,False,,14.0,0.95,1.42,0.2
34,186,Shipping carton (Brown) 457x457x457mm,,Each,Each,,457x457x457mm,14,25,False,,14.0,2.1,3.14,0.4
35,185,Shipping carton (Brown) 356x356x279mm,,Each,Each,,356x356x279mm,14,25,False,,14.0,2.04,3.05,0.3
36,184,Shipping carton (Brown) 305x305x305mm,,Each,Each,,305x305x305mm,14,25,False,,14.0,3.5,5.23,0.3
37,183,Shipping carton (Brown) 480x270x320mm,,Each,Each,,480x270x320mm,14,25,False,,14.0,2.74,4.1,0.4
38,182,Shipping carton (Brown) 457x279x279mm,,Each,Each,,457x279x279mm,14,25,False,,14.0,1.28,1.91,0.4
39,181,Shipping carton (Brown) 356x229x229mm,,Each,Each,,356x229x229mm,14,25,False,,14.0,1.14,1.7,0.4
40,180,Shipping carton (Brown) 279x254x217mm,,Each,Each,,279x254x217mm,14,25,False,,14.0,1.11,1.66,0.3
41,179,Shipping carton (Brown) 229x229x229mm,,Each,Each,,229x229x229mm,14,25,False,,14.0,1.05,1.57,0.3
42,178,Shipping carton (Brown) 500x310x310mm,,Each,Each,,500x310x310mm,14,25,False,,14.0,2.55,3.81,0.4
43,177,Shipping carton (Brown) 413x285x187mm,,Each,Each,,413x285x187mm,14,25,False,,14.0,1.05,1.57,0.3
629,177,Shipping carton (Brown) 413x285x187mm,,Each,Each,,413x285x187mm,14,25,False,,14.0,1.05,1.57,0.3
630,178,Shipping carton (Brown) 500x310x310mm,,Each,Each,,500x310x310mm,14,25,False,,14.0,2.55,3.81,0.4
631,179,Shipping carton (Brown) 229x229x229mm,,Each,Each,,229x229x229mm,14,25,False,,14.0,1.05,1.57,0.3
632,180,Shipping carton (Brown) 279x254x217mm,,Each,Each,,279x254x217mm,14,25,False,,14.0,1.11,1.66,0.3
633,181,Shipping carton (Brown) 356x229x229mm,,Each,Each,,356x229x229mm,14,25,False,,14.0,1.14,1.7,0.4
324,188,3 kg Courier post bag (White) 300x190x95mm,,Each,Each,,300x190x95mm,14,25,False,,14.0,0.66,0.99,0.1
325,187,Express post box 5kg (White) 350x280x130mm,,Each,Each,,350x280x130mm,14,25,False,,14.0,0.95,1.42,0.2
326,186,Shipping carton (Brown) 457x457x457mm,,Each,Each,,457x457x457mm,14,25,False,,14.0,2.1,3.14,0.4
327,185,Shipping carton (Brown) 356x356x279mm,,Each,Each,,356x356x279mm,14,25,False,,14.0,2.04,3.05,0.3
328,184,Shipping carton (Brown) 305x305x305mm,,Each,Each,,305x305x305mm,14,25,False,,14.0,3.5,5.23,0.3
329,183,Shipping carton (Brown) 480x270x320mm,,Each,Each,,480x270x320mm,14,25,False,,14.0,2.74,4.1,0.4
330,182,Shipping carton (Brown) 457x279x279mm,,Each,Each,,457x279x279mm,14,25,False,,14.0,1.28,1.91,0.4
331,181,Shipping carton (Brown) 356x229x229mm,,Each,Each,,356x229x229mm,14,25,False,,14.0,1.14,1.7,0.4
332,180,Shipping carton (Brown) 279x254x217mm,,Each,Each,,279x254x217mm,14,25,False,,14.0,1.11,1.66,0.3
333,179,Shipping carton (Brown) 229x229x229mm,,Each,Each,,229x229x229mm,14,25,False,,14.0,1.05,1.57,0.3
334,178,Shipping carton (Brown) 500x310x310mm,,Each,Each,,500x310x310mm,14,25,False,,14.0,2.55,3.81,0.4
335,177,Shipping carton (Brown) 413x285x187mm,,Each,Each,,413x285x187mm,14,25,False,,14.0,1.05,1.57,0.3
12,208,Permanent marker red 5mm nib (Red) 5mm,,Each,Each,,5mm,14,12,False,,14.0,2.7,4.04,0.1
13,207,Permanent marker blue 5mm nib (Blue) 5mm,,Each,Each,,5mm,14,12,False,,14.0,2.7,4.04,0.1
14,206,Permanent marker black 5mm nib (Black) 5mm,,Each,Each,,5mm,14,12,False,,14.0,2.7,4.04,0.1
135,85,"""The Gu"" red shirt XML tag t-shirt (White) 4XL",White,Each,Carton,,4XL,7,12,False,,7.0,18.0,26.91,0.4
136,84,"""The Gu"" red shirt XML tag t-shirt (White) 3XL",White,Each,Carton,,3XL,7,12,False,,7.0,18.0,26.91,0.4
137,83,"""The Gu"" red shirt XML tag t-shirt (White) XXL",White,Each,Carton,,XXL,7,12,False,,7.0,18.0,26.91,0.4
138,82,"""The Gu"" red shirt XML tag t-shirt (White) XL",White,Each,Carton,,XL,7,12,False,,7.0,18.0,26.91,0.35
139,81,"""The Gu"" red shirt XML tag t-shirt (White) L",White,Each,Carton,,L,7,12,False,,7.0,18.0,26.91,0.35
140,80,"""The Gu"" red shirt XML tag t-shirt (White) M",White,Each,Carton,,M,7,12,False,,7.0,18.0,26.91,0.35
141,79,"""The Gu"" red shirt XML tag t-shirt (White) S",White,Each,Carton,,S,7,12,False,,7.0,18.0,26.91,0.3
142,78,"""The Gu"" red shirt XML tag t-shirt (White) XS",White,Each,Carton,,XS,7,12,False,,7.0,18.0,26.91,0.25
143,77,"""The Gu"" red shirt XML tag t-shirt (White) XXS",White,Each,Carton,,XXS,7,12,False,,7.0,18.0,26.91,0.25
144,76,"""The Gu"" red shirt XML tag t-shirt (White) 3XS",White,Each,Carton,,3XS,7,12,False,,7.0,18.0,26.91,0.25
405,82,"""The Gu"" red shirt XML tag t-shirt (White) XL",White,Each,Carton,,XL,7,12,False,,7.0,18.0,26.91,0.35
406,83,"""The Gu"" red shirt XML tag t-shirt (White) XXL",White,Each,Carton,,XXL,7,12,False,,7.0,18.0,26.91,0.4
407,84,"""The Gu"" red shirt XML tag t-shirt (White) 3XL",White,Each,Carton,,3XL,7,12,False,,7.0,18.0,26.91,0.4
408,85,"""The Gu"" red shirt XML tag t-shirt (White) 4XL",White,Each,Carton,,4XL,7,12,False,,7.0,18.0,26.91,0.4
409,86,"""The Gu"" red shirt XML tag t-shirt (White) 5XL",White,Each,Carton,,5XL,7,12,False,,7.0,18.0,26.91,0.4
410,87,"""The Gu"" red shirt XML tag t-shirt (White) 6XL",White,Each,Carton,,6XL,7,12,False,,7.0,18.0,26.91,0.4
411,88,"""The Gu"" red shirt XML tag t-shirt (White) 7XL",White,Each,Carton,,7XL,7,12,False,,7.0,18.0,26.91,0.45
412,89,"""The Gu"" red shirt XML tag t-shirt (Black) 3XS",Black,Each,Carton,,3XS,7,12,False,,7.0,18.0,26.91,0.25
413,90,"""The Gu"" red shirt XML tag t-shirt (Black) XXS",Black,Each,Carton,,XXS,7,12,False,,7.0,18.0,26.91,0.25
414,91,"""The Gu"" red shirt XML tag t-shirt (Black) XS",Black,Each,Carton,,XS,7,12,False,,7.0,18.0,26.91,0.25
415,92,"""The Gu"" red shirt XML tag t-shirt (Black) S",Black,Each,Carton,,S,7,12,False,,7.0,18.0,26.91,0.3
416,93,"""The Gu"" red shirt XML tag t-shirt (Black) M",Black,Each,Carton,,M,7,12,False,,7.0,18.0,26.91,0.35
417,94,"""The Gu"" red shirt XML tag t-shirt (Black) L",Black,Each,Carton,,L,7,12,False,,7.0,18.0,26.91,0.35
418,95,"""The Gu"" red shirt XML tag t-shirt (Black) XL",Black,Each,Carton,,XL,7,12,False,,7.0,18.0,26.91,0.35
419,96,"""The Gu"" red shirt XML tag t-shirt (Black) XXL",Black,Each,Carton,,XXL,7,12,False,,7.0,18.0,26.91,0.4
420,97,"""The Gu"" red shirt XML tag t-shirt (Black) 3XL",Black,Each,Carton,,3XL,7,12,False,,7.0,18.0,26.91,0.4
421,98,"""The Gu"" red shirt XML tag t-shirt (Black) 4XL",Black,Each,Carton,,4XL,7,12,False,,7.0,18.0,26.91,0.4
422,99,"""The Gu"" red shirt XML tag t-shirt (Black) 5XL",Black,Each,Carton,,5XL,7,12,False,,7.0,18.0,26.91,0.4
423,100,"""The Gu"" red shirt XML tag t-shirt (Black) 6XL",Black,Each,Carton,,6XL,7,12,False,,7.0,18.0,26.91,0.4
424,101,"""The Gu"" red shirt XML tag t-shirt (Black) 7XL",Black,Each,Carton,,7XL,7,12,False,,7.0,18.0,26.91,0.45
380,149,Halloween skull mask (Gray) XL,Steel Gray,Each,Carton,,XL,12,12,False,,12.0,18.0,26.91,0.3
381,148,Halloween skull mask (Gray) L,Steel Gray,Each,Carton,,L,12,12,False,,12.0,18.0,26.91,0.3
382,147,Halloween skull mask (Gray) M,Steel Gray,Each,Carton,,M,12,12,False,,12.0,18.0,26.91,0.3
383,146,Halloween skull mask (Gray) S,Steel Gray,Each,Carton,,S,12,12,False,,12.0,18.0,26.91,0.3
384,145,Halloween zombie mask (Light Brown) XL,Light Brown,Each,Carton,,XL,12,12,False,,12.0,18.0,26.91,0.3
385,144,Halloween zombie mask (Light Brown) L,Light Brown,Each,Carton,,L,12,12,False,,12.0,18.0,26.91,0.3
386,143,Halloween zombie mask (Light Brown) M,Light Brown,Each,Carton,,M,12,12,False,,12.0,18.0,26.91,0.3
387,142,Halloween zombie mask (Light Brown) S,Light Brown,Each,Carton,,S,12,12,False,,12.0,18.0,26.91,0.3
399,76,"""The Gu"" red shirt XML tag t-shirt (White) 3XS",White,Each,Carton,,3XS,7,12,False,,7.0,18.0,26.91,0.25
400,77,"""The Gu"" red shirt XML tag t-shirt (White) XXS",White,Each,Carton,,XXS,7,12,False,,7.0,18.0,26.91,0.25
401,78,"""The Gu"" red shirt XML tag t-shirt (White) XS",White,Each,Carton,,XS,7,12,False,,7.0,18.0,26.91,0.25
402,79,"""The Gu"" red shirt XML tag t-shirt (White) S",White,Each,Carton,,S,7,12,False,,7.0,18.0,26.91,0.3
403,80,"""The Gu"" red shirt XML tag t-shirt (White) M",White,Each,Carton,,M,7,12,False,,7.0,18.0,26.91,0.35
404,81,"""The Gu"" red shirt XML tag t-shirt (White) L",White,Each,Carton,,L,7,12,False,,7.0,18.0,26.91,0.35
119,101,"""The Gu"" red shirt XML tag t-shirt (Black) 7XL",Black,Each,Carton,,7XL,7,12,False,,7.0,18.0,26.91,0.45
120,100,"""The Gu"" red shirt XML tag t-shirt (Black) 6XL",Black,Each,Carton,,6XL,7,12,False,,7.0,18.0,26.91,0.4
121,99,"""The Gu"" red shirt XML tag t-shirt (Black) 5XL",Black,Each,Carton,,5XL,7,12,False,,7.0,18.0,26.91,0.4
122,98,"""The Gu"" red shirt XML tag t-shirt (Black) 4XL",Black,Each,Carton,,4XL,7,12,False,,7.0,18.0,26.91,0.4
123,97,"""The Gu"" red shirt XML tag t-shirt (Black) 3XL",Black,Each,Carton,,3XL,7,12,False,,7.0,18.0,26.91,0.4
124,96,"""The Gu"" red shirt XML tag t-shirt (Black) XXL",Black,Each,Carton,,XXL,7,12,False,,7.0,18.0,26.91,0.4
125,95,"""The Gu"" red shirt XML tag t-shirt (Black) XL",Black,Each,Carton,,XL,7,12,False,,7.0,18.0,26.91,0.35
126,94,"""The Gu"" red shirt XML tag t-shirt (Black) L",Black,Each,Carton,,L,7,12,False,,7.0,18.0,26.91,0.35
127,93,"""The Gu"" red shirt XML tag t-shirt (Black) M",Black,Each,Carton,,M,7,12,False,,7.0,18.0,26.91,0.35
128,92,"""The Gu"" red shirt XML tag t-shirt (Black) S",Black,Each,Carton,,S,7,12,False,,7.0,18.0,26.91,0.3
129,91,"""The Gu"" red shirt XML tag t-shirt (Black) XS",Black,Each,Carton,,XS,7,12,False,,7.0,18.0,26.91,0.25
130,90,"""The Gu"" red shirt XML tag t-shirt (Black) XXS",Black,Each,Carton,,XXS,7,12,False,,7.0,18.0,26.91,0.25
131,89,"""The Gu"" red shirt XML tag t-shirt (Black) 3XS",Black,Each,Carton,,3XS,7,12,False,,7.0,18.0,26.91,0.25
132,88,"""The Gu"" red shirt XML tag t-shirt (White) 7XL",White,Each,Carton,,7XL,7,12,False,,7.0,18.0,26.91,0.45
133,87,"""The Gu"" red shirt XML tag t-shirt (White) 6XL",White,Each,Carton,,6XL,7,12,False,,7.0,18.0,26.91,0.4
134,86,"""The Gu"" red shirt XML tag t-shirt (White) 5XL",White,Each,Carton,,5XL,7,12,False,,7.0,18.0,26.91,0.4
304,208,Permanent marker red 5mm nib (Red) 5mm,,Each,Each,,5mm,14,12,False,,14.0,2.7,4.04,0.1
305,207,Permanent marker blue 5mm nib (Blue) 5mm,,Each,Each,,5mm,14,12,False,,14.0,2.7,4.04,0.1
306,206,Permanent marker black 5mm nib (Black) 5mm,,Each,Each,,5mm,14,12,False,,14.0,2.7,4.04,0.1
477,142,Halloween zombie mask (Light Brown) S,Light Brown,Each,Carton,,S,12,12,False,,12.0,18.0,26.91,0.3
478,143,Halloween zombie mask (Light Brown) M,Light Brown,Each,Carton,,M,12,12,False,,12.0,18.0,26.91,0.3
479,144,Halloween zombie mask (Light Brown) L,Light Brown,Each,Carton,,L,12,12,False,,12.0,18.0,26.91,0.3
480,145,Halloween zombie mask (Light Brown) XL,Light Brown,Each,Carton,,XL,12,12,False,,12.0,18.0,26.91,0.3
481,146,Halloween skull mask (Gray) S,Steel Gray,Each,Carton,,S,12,12,False,,12.0,18.0,26.91,0.3
482,147,Halloween skull mask (Gray) M,Steel Gray,Each,Carton,,M,12,12,False,,12.0,18.0,26.91,0.3
483,148,Halloween skull mask (Gray) L,Steel Gray,Each,Carton,,L,12,12,False,,12.0,18.0,26.91,0.3
484,149,Halloween skull mask (Gray) XL,Steel Gray,Each,Carton,,XL,12,12,False,,12.0,18.0,26.91,0.3
658,206,Permanent marker black 5mm nib (Black) 5mm,,Each,Each,,5mm,14,12,False,,14.0,2.7,4.04,0.1
659,207,Permanent marker blue 5mm nib (Blue) 5mm,,Each,Each,,5mm,14,12,False,,14.0,2.7,4.04,0.1
660,208,Permanent marker red 5mm nib (Red) 5mm,,Each,Each,,5mm,14,12,False,,14.0,2.7,4.04,0.1
71,149,Halloween skull mask (Gray) XL,Gray,Each,Carton,,XL,12,12,False,,12.0,18.0,26.91,0.3
72,148,Halloween skull mask (Gray) L,Gray,Each,Carton,,L,12,12,False,,12.0,18.0,26.91,0.3
73,147,Halloween skull mask (Gray) M,Gray,Each,Carton,,M,12,12,False,,12.0,18.0,26.91,0.3
74,146,Halloween skull mask (Gray) S,Gray,Each,Carton,,S,12,12,False,,12.0,18.0,26.91,0.3
75,145,Halloween zombie mask (Light Brown) XL,Light Brown,Each,Carton,,XL,12,12,False,,12.0,18.0,26.91,0.3
76,144,Halloween zombie mask (Light Brown) L,Light Brown,Each,Carton,,L,12,12,False,,12.0,18.0,26.91,0.3
77,143,Halloween zombie mask (Light Brown) M,Light Brown,Each,Carton,,M,12,12,False,,12.0,18.0,26.91,0.3
78,142,Halloween zombie mask (Light Brown) S,Light Brown,Each,Carton,,S,12,12,False,,12.0,18.0,26.91,0.3
1,219,Void fill 400 L bag (White) 400L,,Each,Each,,400L,14,10,False,,14.0,50.0,74.75,1.0
2,218,Void fill 300 L bag (White) 300L,,Each,Each,,300L,14,10,False,,14.0,37.5,56.06,0.75
3,217,Void fill 200 L bag (White) 200L,,Each,Each,,200L,14,10,False,,14.0,25.0,37.38,0.5
4,216,Void fill 100 L bag (White) 100L,,Each,Each,,100L,14,10,False,,14.0,12.5,18.69,0.25
8,212,Large  replacement blades 18mm,,Each,Each,,18mm,14,10,False,,14.0,4.3,6.43,0.8
9,211,Small 9mm replacement blades 9mm,,Each,Each,,9mm,14,10,False,,14.0,4.1,6.13,0.7
15,205,Tape dispenser (Blue),,Each,Each,,,20,10,False,,20.0,32.0,47.84,1.0
16,204,Tape dispenser (Red),,Each,Each,,,20,10,False,,20.0,32.0,47.84,1.0
17,203,Tape dispenser (Black),,Each,Each,,,20,10,False,,20.0,32.0,47.84,1.0
605,153,Small sized bubblewrap roll 10m,,Each,Each,,10m,14,10,False,,14.0,4.5,6.73,5.0
606,154,Medium sized bubblewrap roll 20m,,Each,Each,,20m,14,10,False,,14.0,20.0,29.9,6.0
607,155,Large sized bubblewrap roll 50m,,Each,Each,,50m,14,10,False,,14.0,24.0,35.88,10.0
608,156,10 mm Double sided bubble wrap 10m,,Each,Each,,10m,14,10,False,,14.0,15.0,22.43,5.0
609,157,10 mm Double sided bubble wrap 20m,,Each,Each,,20m,14,10,False,,14.0,30.0,44.85,6.0
610,158,10 mm Double sided bubble wrap 50m,,Each,Each,,50m,14,10,False,,14.0,105.0,156.98,10.0
611,159,20 mm Double sided bubble wrap 10m,,Each,Each,,10m,14,10,False,,14.0,18.0,26.91,5.0
612,160,20 mm Double sided bubble wrap 20m,,Each,Each,,20m,14,10,False,,14.0,33.0,49.34,6.0
613,161,20 mm Double sided bubble wrap 50m,,Each,Each,,50m,14,10,False,,14.0,108.0,161.46,10.0
614,162,32 mm Double sided bubble wrap 10m,,Each,Each,,10m,14,10,False,,14.0,22.0,32.89,5.0
615,163,32 mm Double sided bubble wrap 20m,,Each,Each,,20m,14,10,False,,14.0,37.0,55.32,6.0
616,164,32 mm Double sided bubble wrap 50m,,Each,Each,,50m,14,10,False,,14.0,112.0,167.44,10.0
617,165,10 mm Anti static bubble wrap (Blue) 10m,Blue,Each,Each,,10m,14,10,False,,14.0,26.0,38.87,5.0
618,166,10 mm Anti static bubble wrap (Blue) 20m,Blue,Each,Each,,20m,14,10,False,,14.0,42.0,62.79,6.0
619,167,10 mm Anti static bubble wrap (Blue) 50m,Blue,Each,Each,,50m,14,10,False,,14.0,99.0,148.01,10.0
620,168,20 mm Anti static bubble wrap (Blue) 10m,Blue,Each,Each,,10m,14,10,False,,14.0,29.0,43.36,5.0
47,173,32 mm Anti static bubble wrap (Blue) 50m,Blue,Each,Each,,50m,14,10,False,,14.0,105.0,156.98,10.0
48,172,32 mm Anti static bubble wrap (Blue) 20m,Blue,Each,Each,,20m,14,10,False,,14.0,48.0,71.76,6.0
49,171,32 mm Anti static bubble wrap (Blue) 10m,Blue,Each,Each,,10m,14,10,False,,14.0,32.0,47.84,5.0
50,170,20 mm Anti static bubble wrap (Blue) 50m,Blue,Each,Each,,50m,14,10,False,,14.0,102.0,152.49,10.0
51,169,20 mm Anti static bubble wrap (Blue) 20m,Blue,Each,Each,,20m,14,10,False,,14.0,45.0,67.28,6.0
52,168,20 mm Anti static bubble wrap (Blue) 10m,Blue,Each,Each,,10m,14,10,False,,14.0,29.0,43.36,5.0
53,167,10 mm Anti static bubble wrap (Blue) 50m,Blue,Each,Each,,50m,14,10,False,,14.0,99.0,148.01,10.0
217,3,Office cube periscope (Black),Black,Each,Carton,,,14,10,False,,14.0,18.5,27.66,0.25
398,3,Office cube periscope (Black),Black,Each,Carton,,,14,10,False,,14.0,18.5,27.66,0.25
300,212,Large  replacement blades 18mm,,Each,Each,,18mm,14,10,False,,14.0,4.3,6.43,0.8
301,211,Small 9mm replacement blades 9mm,,Each,Each,,9mm,14,10,False,,14.0,4.1,6.13,0.7
307,205,Tape dispenser (Blue),,Each,Each,,,20,10,False,,20.0,32.0,47.84,1.0
308,204,Tape dispenser (Red),,Each,Each,,,20,10,False,,20.0,32.0,47.84,1.0
309,203,Tape dispenser (Black),,Each,Each,,,20,10,False,,20.0,32.0,47.84,1.0
621,169,20 mm Anti static bubble wrap (Blue) 20m,Blue,Each,Each,,20m,14,10,False,,14.0,45.0,67.28,6.0
622,170,20 mm Anti static bubble wrap (Blue) 50m,Blue,Each,Each,,50m,14,10,False,,14.0,102.0,152.49,10.0
623,171,32 mm Anti static bubble wrap (Blue) 10m,Blue,Each,Each,,10m,14,10,False,,14.0,32.0,47.84,5.0
624,172,32 mm Anti static bubble wrap (Blue) 20m,Blue,Each,Each,,20m,14,10,False,,14.0,48.0,71.76,6.0
625,173,32 mm Anti static bubble wrap (Blue) 50m,Blue,Each,Each,,50m,14,10,False,,14.0,105.0,156.98,10.0
351,161,20 mm Double sided bubble wrap 50m,,Each,Each,,50m,14,10,False,,14.0,108.0,161.46,10.0
352,160,20 mm Double sided bubble wrap 20m,,Each,Each,,20m,14,10,False,,14.0,33.0,49.34,6.0
353,159,20 mm Double sided bubble wrap 10m,,Each,Each,,10m,14,10,False,,14.0,18.0,26.91,5.0
354,158,10 mm Double sided bubble wrap 50m,,Each,Each,,50m,14,10,False,,14.0,105.0,156.98,10.0
355,157,10 mm Double sided bubble wrap 20m,,Each,Each,,20m,14,10,False,,14.0,30.0,44.85,6.0
356,156,10 mm Double sided bubble wrap 10m,,Each,Each,,10m,14,10,False,,14.0,15.0,22.43,5.0
357,155,Large sized bubblewrap roll 50m,,Each,Each,,50m,14,10,False,,14.0,24.0,35.88,10.0
358,154,Medium sized bubblewrap roll 20m,,Each,Each,,20m,14,10,False,,14.0,20.0,29.9,6.0
359,153,Small sized bubblewrap roll 10m,,Each,Each,,10m,14,10,False,,14.0,4.5,6.73,5.0
655,203,Tape dispenser (Black),,Each,Each,,,20,10,False,,20.0,32.0,47.84,1.0
656,204,Tape dispenser (Red),,Each,Each,,,20,10,False,,20.0,32.0,47.84,1.0
657,205,Tape dispenser (Blue),,Each,Each,,,20,10,False,,20.0,32.0,47.84,1.0
663,211,Small 9mm replacement blades 9mm,,Each,Each,,9mm,14,10,False,,14.0,4.1,6.13,0.7
664,212,Large  replacement blades 18mm,,Each,Each,,18mm,14,10,False,,14.0,4.3,6.43,0.8
668,216,Void fill 100 L bag (White) 100L,,Each,Each,,100L,14,10,False,,14.0,12.5,18.69,0.25
669,217,Void fill 200 L bag (White) 200L,,Each,Each,,200L,14,10,False,,14.0,25.0,37.38,0.5
670,218,Void fill 300 L bag (White) 300L,,Each,Each,,300L,14,10,False,,14.0,37.5,56.06,0.75
671,219,Void fill 400 L bag (White) 400L,,Each,Each,,400L,14,10,False,,14.0,50.0,74.75,1.0
339,173,32 mm Anti static bubble wrap (Blue) 50m,Blue,Each,Each,,50m,14,10,False,,14.0,105.0,156.98,10.0
340,172,32 mm Anti static bubble wrap (Blue) 20m,Blue,Each,Each,,20m,14,10,False,,14.0,48.0,71.76,6.0
341,171,32 mm Anti static bubble wrap (Blue) 10m,Blue,Each,Each,,10m,14,10,False,,14.0,32.0,47.84,5.0
342,170,20 mm Anti static bubble wrap (Blue) 50m,Blue,Each,Each,,50m,14,10,False,,14.0,102.0,152.49,10.0
343,169,20 mm Anti static bubble wrap (Blue) 20m,Blue,Each,Each,,20m,14,10,False,,14.0,45.0,67.28,6.0
344,168,20 mm Anti static bubble wrap (Blue) 10m,Blue,Each,Each,,10m,14,10,False,,14.0,29.0,43.36,5.0
345,167,10 mm Anti static bubble wrap (Blue) 50m,Blue,Each,Each,,50m,14,10,False,,14.0,99.0,148.01,10.0
346,166,10 mm Anti static bubble wrap (Blue) 20m,Blue,Each,Each,,20m,14,10,False,,14.0,42.0,62.79,6.0
347,165,10 mm Anti static bubble wrap (Blue) 10m,Blue,Each,Each,,10m,14,10,False,,14.0,26.0,38.87,5.0
348,164,32 mm Double sided bubble wrap 50m,,Each,Each,,50m,14,10,False,,14.0,112.0,167.44,10.0
349,163,32 mm Double sided bubble wrap 20m,,Each,Each,,20m,14,10,False,,14.0,37.0,55.32,6.0
350,162,32 mm Double sided bubble wrap 10m,,Each,Each,,10m,14,10,False,,14.0,22.0,32.89,5.0
54,166,10 mm Anti static bubble wrap (Blue) 20m,Blue,Each,Each,,20m,14,10,False,,14.0,42.0,62.79,6.0
55,165,10 mm Anti static bubble wrap (Blue) 10m,Blue,Each,Each,,10m,14,10,False,,14.0,26.0,38.87,5.0
56,164,32 mm Double sided bubble wrap 50m,,Each,Each,,50m,14,10,False,,14.0,112.0,167.44,10.0
57,163,32 mm Double sided bubble wrap 20m,,Each,Each,,20m,14,10,False,,14.0,37.0,55.32,6.0
58,162,32 mm Double sided bubble wrap 10m,,Each,Each,,10m,14,10,False,,14.0,22.0,32.89,5.0
59,161,20 mm Double sided bubble wrap 50m,,Each,Each,,50m,14,10,False,,14.0,108.0,161.46,10.0
60,160,20 mm Double sided bubble wrap 20m,,Each,Each,,20m,14,10,False,,14.0,33.0,49.34,6.0
61,159,20 mm Double sided bubble wrap 10m,,Each,Each,,10m,14,10,False,,14.0,18.0,26.91,5.0
62,158,10 mm Double sided bubble wrap 50m,,Each,Each,,50m,14,10,False,,14.0,105.0,156.98,10.0
63,157,10 mm Double sided bubble wrap 20m,,Each,Each,,20m,14,10,False,,14.0,30.0,44.85,6.0
64,156,10 mm Double sided bubble wrap 10m,,Each,Each,,10m,14,10,False,,14.0,15.0,22.43,5.0
65,155,Large sized bubblewrap roll 50m,,Each,Each,,50m,14,10,False,,14.0,24.0,35.88,10.0
66,154,Medium sized bubblewrap roll 20m,,Each,Each,,20m,14,10,False,,14.0,20.0,29.9,6.0
67,153,Small sized bubblewrap roll 10m,,Each,Each,,10m,14,10,False,,14.0,4.5,6.73,5.0
293,219,Void fill 400 L bag (White) 400L,,Each,Each,,400L,14,10,False,,14.0,50.0,74.75,1.0
294,218,Void fill 300 L bag (White) 300L,,Each,Each,,300L,14,10,False,,14.0,37.5,56.06,0.75
295,217,Void fill 200 L bag (White) 200L,,Each,Each,,200L,14,10,False,,14.0,25.0,37.38,0.5
296,216,Void fill 100 L bag (White) 100L,,Each,Each,,100L,14,10,False,,14.0,12.5,18.69,0.25
378,119,Dinosaur battery-powered slippers (Green) M,,Each,Each,,M,12,1,False,,12.0,32.0,47.84,0.35
379,118,Dinosaur battery-powered slippers (Green) S,,Each,Each,,S,12,1,False,,12.0,32.0,47.84,0.35
513,121,Dinosaur battery-powered slippers (Green) XL,,Each,Each,,XL,12,1,False,,12.0,32.0,47.84,0.4
515,119,Dinosaur battery-powered slippers (Green) M,,Each,Each,,M,12,1,False,,12.0,32.0,47.84,0.35
516,118,Dinosaur battery-powered slippers (Green) S,,Each,Each,,S,12,1,False,,12.0,32.0,47.84,0.35
517,118,Dinosaur battery-powered slippers (Green) S,,Each,Each,,S,12,1,False,,12.0,32.0,47.84,0.35
518,119,Dinosaur battery-powered slippers (Green) M,,Each,Each,,M,12,1,False,,12.0,32.0,47.84,0.35
520,121,Dinosaur battery-powered slippers (Green) XL,,Each,Each,,XL,12,1,False,,12.0,32.0,47.84,0.4
521,122,Ogre battery-powered slippers (Green) S,,Each,Each,,S,12,1,False,,12.0,32.0,47.84,0.35
522,123,Ogre battery-powered slippers (Green) M,,Each,Each,,M,12,1,False,,12.0,32.0,47.84,0.35
524,125,Ogre battery-powered slippers (Green) XL,,Each,Each,,XL,12,1,False,,12.0,32.0,47.84,0.4
525,126,Plush shark slippers (Gray) S,Steel Gray,Each,Each,,S,12,1,False,,12.0,32.0,47.84,0.35
526,127,Plush shark slippers (Gray) M,Steel Gray,Each,Each,,M,12,1,False,,12.0,32.0,47.84,0.35
528,129,Plush shark slippers (Gray) XL,Steel Gray,Each,Each,,XL,12,1,False,,12.0,32.0,47.84,0.4
529,130,Furry gorilla with big eyes slippers (Black) S,Black,Each,Each,,S,12,1,False,,12.0,32.0,47.84,0.35
530,131,Furry gorilla with big eyes slippers (Black) M,Black,Each,Each,,M,12,1,False,,12.0,32.0,47.84,0.35
532,133,Furry gorilla with big eyes slippers (Black) XL,Black,Each,Each,,XL,12,1,False,,12.0,32.0,47.84,0.4
533,134,Animal with big feet slippers (Brown) S,,Each,Each,,S,12,1,False,,12.0,32.0,47.84,0.35
534,135,Animal with big feet slippers (Brown) M,,Each,Each,,M,12,1,False,,12.0,32.0,47.84,0.35
536,137,Animal with big feet slippers (Brown) XL,,Each,Each,,XL,12,1,False,,12.0,32.0,47.84,0.4
101,119,Dinosaur battery-powered slippers (Green) M,,Each,Each,,M,12,1,False,,12.0,32.0,47.84,0.35
102,118,Dinosaur battery-powered slippers (Green) S,,Each,Each,,S,12,1,False,,12.0,32.0,47.84,0.35
360,137,Animal with big feet slippers (Brown) XL,,Each,Each,,XL,12,1,False,,12.0,32.0,47.84,0.4
362,135,Animal with big feet slippers (Brown) M,,Each,Each,,M,12,1,False,,12.0,32.0,47.84,0.35
363,134,Animal with big feet slippers (Brown) S,,Each,Each,,S,12,1,False,,12.0,32.0,47.84,0.35
364,133,Furry gorilla with big eyes slippers (Black) XL,Black,Each,Each,,XL,12,1,False,,12.0,32.0,47.84,0.4
366,131,Furry gorilla with big eyes slippers (Black) M,Black,Each,Each,,M,12,1,False,,12.0,32.0,47.84,0.35
367,130,Furry gorilla with big eyes slippers (Black) S,Black,Each,Each,,S,12,1,False,,12.0,32.0,47.84,0.35
368,129,Plush shark slippers (Gray) XL,Steel Gray,Each,Each,,XL,12,1,False,,12.0,32.0,47.84,0.4
370,127,Plush shark slippers (Gray) M,Steel Gray,Each,Each,,M,12,1,False,,12.0,32.0,47.84,0.35
371,126,Plush shark slippers (Gray) S,Steel Gray,Each,Each,,S,12,1,False,,12.0,32.0,47.84,0.35
372,125,Ogre battery-powered slippers (Green) XL,,Each,Each,,XL,12,1,False,,12.0,32.0,47.84,0.4
374,123,Ogre battery-powered slippers (Green) M,,Each,Each,,M,12,1,False,,12.0,32.0,47.84,0.35
375,122,Ogre battery-powered slippers (Green) S,,Each,Each,,S,12,1,False,,12.0,32.0,47.84,0.35
376,121,Dinosaur battery-powered slippers (Green) XL,,Each,Each,,XL,12,1,False,,12.0,32.0,47.84,0.4
497,137,Animal with big feet slippers (Brown) XL,,Each,Each,,XL,12,1,False,,12.0,32.0,47.84,0.4
499,135,Animal with big feet slippers (Brown) M,,Each,Each,,M,12,1,False,,12.0,32.0,47.84,0.35
500,134,Animal with big feet slippers (Brown) S,,Each,Each,,S,12,1,False,,12.0,32.0,47.84,0.35
501,133,Furry gorilla with big eyes slippers (Black) XL,Black,Each,Each,,XL,12,1,False,,12.0,32.0,47.84,0.4
503,131,Furry gorilla with big eyes slippers (Black) M,Black,Each,Each,,M,12,1,False,,12.0,32.0,47.84,0.35
504,130,Furry gorilla with big eyes slippers (Black) S,Black,Each,Each,,S,12,1,False,,12.0,32.0,47.84,0.35
505,129,Plush shark slippers (Gray) XL,Steel Gray,Each,Each,,XL,12,1,False,,12.0,32.0,47.84,0.4
507,127,Plush shark slippers (Gray) M,Steel Gray,Each,Each,,M,12,1,False,,12.0,32.0,47.84,0.35
508,126,Plush shark slippers (Gray) S,Steel Gray,Each,Each,,S,12,1,False,,12.0,32.0,47.84,0.35
509,125,Ogre battery-powered slippers (Green) XL,,Each,Each,,XL,12,1,False,,12.0,32.0,47.84,0.4
511,123,Ogre battery-powered slippers (Green) M,,Each,Each,,M,12,1,False,,12.0,32.0,47.84,0.35
512,122,Ogre battery-powered slippers (Green) S,,Each,Each,,S,12,1,False,,12.0,32.0,47.84,0.35
83,137,Animal with big feet slippers (Brown) XL,,Each,Each,,XL,12,1,False,,12.0,32.0,47.84,0.4
85,135,Animal with big feet slippers (Brown) M,,Each,Each,,M,12,1,False,,12.0,32.0,47.84,0.35
86,134,Animal with big feet slippers (Brown) S,,Each,Each,,S,12,1,False,,12.0,32.0,47.84,0.35
87,133,Furry gorilla with big eyes slippers (Black) XL,Black,Each,Each,,XL,12,1,False,,12.0,32.0,47.84,0.4
89,131,Furry gorilla with big eyes slippers (Black) M,Black,Each,Each,,M,12,1,False,,12.0,32.0,47.84,0.35
90,130,Furry gorilla with big eyes slippers (Black) S,Black,Each,Each,,S,12,1,False,,12.0,32.0,47.84,0.35
91,129,Plush shark slippers (Gray) XL,Gray,Each,Each,,XL,12,1,False,,12.0,32.0,47.84,0.4
93,127,Plush shark slippers (Gray) M,Gray,Each,Each,,M,12,1,False,,12.0,32.0,47.84,0.35
94,126,Plush shark slippers (Gray) S,Gray,Each,Each,,S,12,1,False,,12.0,32.0,47.84,0.35
95,125,Ogre battery-powered slippers (Green) XL,,Each,Each,,XL,12,1,False,,12.0,32.0,47.84,0.4
97,123,Ogre battery-powered slippers (Green) M,,Each,Each,,M,12,1,False,,12.0,32.0,47.84,0.35
98,122,Ogre battery-powered slippers (Green) S,,Each,Each,,S,12,1,False,,12.0,32.0,47.84,0.35
99,121,Dinosaur battery-powered slippers (Green) XL,,Each,Each,,XL,12,1,False,,12.0,32.0,47.84,0.4
514,120,Dinosaur battery-powered slippers (Green) L,,Each,Each,,L,12,1,False,,12.0,32.0,47.84,0.35
519,120,Dinosaur battery-powered slippers (Green) L,,Each,Each,,L,12,1,False,,12.0,32.0,47.84,0.35
523,124,Ogre battery-powered slippers (Green) L,,Each,Each,,L,12,1,False,,12.0,32.0,47.84,0.35
527,128,Plush shark slippers (Gray) L,Steel Gray,Each,Each,,L,12,1,False,,12.0,32.0,47.84,0.35
531,132,Furry gorilla with big eyes slippers (Black) L,Black,Each,Each,,L,12,1,False,,12.0,32.0,47.84,0.35
535,136,Animal with big feet slippers (Brown) L,,Each,Each,,L,12,1,False,,12.0,32.0,47.84,0.35
100,120,Dinosaur battery-powered slippers (Green) L,,Each,Each,,L,12,1,False,,12.0,32.0,47.84,0.35
361,136,Animal with big feet slippers (Brown) L,,Each,Each,,L,12,1,False,,12.0,32.0,47.84,0.35
365,132,Furry gorilla with big eyes slippers (Black) L,Black,Each,Each,,L,12,1,False,,12.0,32.0,47.84,0.35
369,128,Plush shark slippers (Gray) L,Steel Gray,Each,Each,,L,12,1,False,,12.0,32.0,47.84,0.35
373,124,Ogre battery-powered slippers (Green) L,,Each,Each,,L,12,1,False,,12.0,32.0,47.84,0.35
377,120,Dinosaur battery-powered slippers (Green) L,,Each,Each,,L,12,1,False,,12.0,32.0,47.84,0.35
498,136,Animal with big feet slippers (Brown) L,,Each,Each,,L,12,1,False,,12.0,32.0,47.84,0.35
502,132,Furry gorilla with big eyes slippers (Black) L,Black,Each,Each,,L,12,1,False,,12.0,32.0,47.84,0.35
506,128,Plush shark slippers (Gray) L,Steel Gray,Each,Each,,L,12,1,False,,12.0,32.0,47.84,0.35
510,124,Ogre battery-powered slippers (Green) L,,Each,Each,,L,12,1,False,,12.0,32.0,47.84,0.35
84,136,Animal with big feet slippers (Brown) L,,Each,Each,,L,12,1,False,,12.0,32.0,47.84,0.35
88,132,Furry gorilla with big eyes slippers (Black) L,Black,Each,Each,,L,12,1,False,,12.0,32.0,47.84,0.35
92,128,Plush shark slippers (Gray) L,Gray,Each,Each,,L,12,1,False,,12.0,32.0,47.84,0.35
96,124,Ogre battery-powered slippers (Green) L,,Each,Each,,L,12,1,False,,12.0,32.0,47.84,0.35
154,66,RC big wheel monster truck with remote control (Black) 1/50 scale,Black,Each,Each,Northwind,1/50 scale,14,1,False,,14.0,45.0,67.28,1.8
155,65,RC vintage American toy coupe with remote control (Black) 1/50 scale,Black,Each,Each,Northwind,1/50 scale,14,1,False,,14.0,30.0,44.85,1.7
156,64,RC vintage American toy coupe with remote control (Red) 1/50 scale,Red,Each,Each,Northwind,1/50 scale,14,1,False,,14.0,30.0,44.85,1.7
228,66,RC big wheel monster truck with remote control (Black) 1/50 scale,Black,Each,Each,Northwind,1/50 scale,14,1,False,,14.0,45.0,67.28,1.8
229,65,RC vintage American toy coupe with remote control (Black) 1/50 scale,Black,Each,Each,Northwind,1/50 scale,14,1,False,,14.0,30.0,44.85,1.7
230,64,RC vintage American toy coupe with remote control (Red) 1/50 scale,Red,Each,Each,Northwind,1/50 scale,14,1,False,,14.0,30.0,44.85,1.7
464,65,RC vintage American toy coupe with remote control (Black) 1/50 scale,Black,Each,Each,Northwind,1/50 scale,14,1,False,,14.0,30.0,44.85,1.7
465,64,RC vintage American toy coupe with remote control (Red) 1/50 scale,Red,Each,Each,Northwind,1/50 scale,14,1,False,,14.0,30.0,44.85,1.7
466,66,RC big wheel monster truck with remote control (Black) 1/50 scale,Black,Each,Each,Northwind,1/50 scale,14,1,False,,14.0,45.0,67.28,1.8
473,64,RC vintage American toy coupe with remote control (Red) 1/50 scale,Red,Each,Each,Northwind,1/50 scale,14,1,False,,14.0,30.0,44.85,1.7
474,65,RC vintage American toy coupe with remote control (Black) 1/50 scale,Black,Each,Each,Northwind,1/50 scale,14,1,False,,14.0,30.0,44.85,1.7
455,66,RC big wheel monster truck with remote control (Black) 1/50 scale,Black,Each,Each,Northwind,1/50 scale,14,1,False,,14.0,45.0,67.28,1.8
456,65,RC vintage American toy coupe with remote control (Black) 1/50 scale,Black,Each,Each,Northwind,1/50 scale,14,1,False,,14.0,30.0,44.85,1.7
457,64,RC vintage American toy coupe with remote control (Red) 1/50 scale,Red,Each,Each,Northwind,1/50 scale,14,1,False,,14.0,30.0,44.85,1.7
157,63,RC toy sedan car with remote control (Pink) 1/50 scale,,Each,Each,Northwind,1/50 scale,14,1,False,,14.0,25.0,37.38,1.5
158,62,RC toy sedan car with remote control (Yellow) 1/50 scale,Yellow,Each,Each,Northwind,1/50 scale,14,1,False,,14.0,25.0,37.38,1.5
159,61,RC toy sedan car with remote control (Green) 1/50 scale,,Each,Each,Northwind,1/50 scale,14,1,False,,14.0,25.0,37.38,1.5
160,60,RC toy sedan car with remote control (Blue) 1/50 scale,Blue,Each,Each,Northwind,1/50 scale,14,1,False,,14.0,25.0,37.38,1.5
161,59,RC toy sedan car with remote control (Red) 1/50 scale,Red,Each,Each,Northwind,1/50 scale,14,1,False,,14.0,25.0,37.38,1.5
231,63,RC toy sedan car with remote control (Pink) 1/50 scale,,Each,Each,Northwind,1/50 scale,14,1,False,,14.0,25.0,37.38,1.5
232,62,RC toy sedan car with remote control (Yellow) 1/50 scale,Yellow,Each,Each,Northwind,1/50 scale,14,1,False,,14.0,25.0,37.38,1.5
233,61,RC toy sedan car with remote control (Green) 1/50 scale,,Each,Each,Northwind,1/50 scale,14,1,False,,14.0,25.0,37.38,1.5
234,60,RC toy sedan car with remote control (Blue) 1/50 scale,Blue,Each,Each,Northwind,1/50 scale,14,1,False,,14.0,25.0,37.38,1.5
235,59,RC toy sedan car with remote control (Red) 1/50 scale,Red,Each,Each,Northwind,1/50 scale,14,1,False,,14.0,25.0,37.38,1.5
236,58,RC toy sedan car with remote control (Black) 1/50 scale,Black,Each,Each,Northwind,1/50 scale,14,1,False,,14.0,25.0,37.38,1.5
162,58,RC toy sedan car with remote control (Black) 1/50 scale,Black,Each,Each,Northwind,1/50 scale,14,1,False,,14.0,25.0,37.38,1.5
459,62,RC toy sedan car with remote control (Yellow) 1/50 scale,Yellow,Each,Each,Northwind,1/50 scale,14,1,False,,14.0,25.0,37.38,1.5
460,61,RC toy sedan car with remote control (Green) 1/50 scale,,Each,Each,Northwind,1/50 scale,14,1,False,,14.0,25.0,37.38,1.5
461,60,RC toy sedan car with remote control (Blue) 1/50 scale,Blue,Each,Each,Northwind,1/50 scale,14,1,False,,14.0,25.0,37.38,1.5
462,59,RC toy sedan car with remote control (Red) 1/50 scale,Red,Each,Each,Northwind,1/50 scale,14,1,False,,14.0,25.0,37.38,1.5
463,58,RC toy sedan car with remote control (Black) 1/50 scale,Black,Each,Each,Northwind,1/50 scale,14,1,False,,14.0,25.0,37.38,1.5
467,58,RC toy sedan car with remote control (Black) 1/50 scale,Black,Each,Each,Northwind,1/50 scale,14,1,False,,14.0,25.0,37.38,1.5
468,59,RC toy sedan car with remote control (Red) 1/50 scale,Red,Each,Each,Northwind,1/50 scale,14,1,False,,14.0,25.0,37.38,1.5
469,60,RC toy sedan car with remote control (Blue) 1/50 scale,Blue,Each,Each,Northwind,1/50 scale,14,1,False,,14.0,25.0,37.38,1.5
470,61,RC toy sedan car with remote control (Green) 1/50 scale,,Each,Each,Northwind,1/50 scale,14,1,False,,14.0,25.0,37.38,1.5
471,62,RC toy sedan car with remote control (Yellow) 1/50 scale,Yellow,Each,Each,Northwind,1/50 scale,14,1,False,,14.0,25.0,37.38,1.5
472,63,RC toy sedan car with remote control (Pink) 1/50 scale,,Each,Each,Northwind,1/50 scale,14,1,False,,14.0,25.0,37.38,1.5
458,63,RC toy sedan car with remote control (Pink) 1/50 scale,,Each,Each,Northwind,1/50 scale,14,1,False,,14.0,25.0,37.38,1.5
148,72,Ride on toy sedan car (Pink) 1/12 scale,,Each,Each,Northwind,1/12 scale,14,1,False,,14.0,230.0,343.85,15.0
149,71,Ride on toy sedan car (Yellow) 1/12 scale,Yellow,Each,Each,Northwind,1/12 scale,14,1,False,,14.0,230.0,343.85,15.0
150,70,Ride on toy sedan car (Green) 1/12 scale,,Each,Each,Northwind,1/12 scale,14,1,False,,14.0,230.0,343.85,15.0
151,69,Ride on toy sedan car (Blue) 1/12 scale,Blue,Each,Each,Northwind,1/12 scale,14,1,False,,14.0,230.0,343.85,15.0
152,68,Ride on toy sedan car (Red) 1/12 scale,Red,Each,Each,Northwind,1/12 scale,14,1,False,,14.0,230.0,343.85,15.0
153,67,Ride on toy sedan car (Black) 1/12 scale,Black,Each,Each,Northwind,1/12 scale,14,1,False,,14.0,230.0,343.85,15.0
392,72,Ride on toy sedan car (Pink) 1/12 scale,,Each,Each,Northwind,1/12 scale,14,1,False,,14.0,230.0,343.85,15.0
393,71,Ride on toy sedan car (Yellow) 1/12 scale,Yellow,Each,Each,Northwind,1/12 scale,14,1,False,,14.0,230.0,343.85,15.0
394,70,Ride on toy sedan car (Green) 1/12 scale,,Each,Each,Northwind,1/12 scale,14,1,False,,14.0,230.0,343.85,15.0
395,69,Ride on toy sedan car (Blue) 1/12 scale,Blue,Each,Each,Northwind,1/12 scale,14,1,False,,14.0,230.0,343.85,15.0
396,68,Ride on toy sedan car (Red) 1/12 scale,Red,Each,Each,Northwind,1/12 scale,14,1,False,,14.0,230.0,343.85,15.0
397,67,Ride on toy sedan car (Black) 1/12 scale,Black,Each,Each,Northwind,1/12 scale,14,1,False,,14.0,230.0,343.85,15.0
488,67,Ride on toy sedan car (Black) 1/12 scale,Black,Each,Each,Northwind,1/12 scale,14,1,False,,14.0,230.0,343.85,15.0
489,68,Ride on toy sedan car (Red) 1/12 scale,Red,Each,Each,Northwind,1/12 scale,14,1,False,,14.0,230.0,343.85,15.0
490,69,Ride on toy sedan car (Blue) 1/12 scale,Blue,Each,Each,Northwind,1/12 scale,14,1,False,,14.0,230.0,343.85,15.0
491,70,Ride on toy sedan car (Green) 1/12 scale,,Each,Each,Northwind,1/12 scale,14,1,False,,14.0,230.0,343.85,15.0
492,71,Ride on toy sedan car (Yellow) 1/12 scale,Yellow,Each,Each,Northwind,1/12 scale,14,1,False,,14.0,230.0,343.85,15.0
493,72,Ride on toy sedan car (Pink) 1/12 scale,,Each,Each,Northwind,1/12 scale,14,1,False,,14.0,230.0,343.85,15.0
145,75,Ride on big wheel monster truck (Black) 1/12 scale,Black,Each,Each,Northwind,1/12 scale,14,1,False,,14.0,345.0,515.78,21.0
146,74,Ride on vintage American toy coupe (Black) 1/12 scale,Black,Each,Each,Northwind,1/12 scale,14,1,False,,14.0,285.0,426.08,18.0
147,73,Ride on vintage American toy coupe (Red) 1/12 scale,Red,Each,Each,Northwind,1/12 scale,14,1,False,,14.0,285.0,426.08,18.0
391,75,Ride on big wheel monster truck (Black) 1/12 scale,Black,Each,Each,Northwind,1/12 scale,14,1,False,,14.0,345.0,515.78,21.0
475,74,Ride on vintage American toy coupe (Black) 1/12 scale,Black,Each,Each,Northwind,1/12 scale,14,1,False,,14.0,285.0,426.08,18.0
476,73,Ride on vintage American toy coupe (Red) 1/12 scale,Red,Each,Each,Northwind,1/12 scale,14,1,False,,14.0,285.0,426.08,18.0
494,73,Ride on vintage American toy coupe (Red) 1/12 scale,Red,Each,Each,Northwind,1/12 scale,14,1,False,,14.0,285.0,426.08,18.0
495,74,Ride on vintage American toy coupe (Black) 1/12 scale,Black,Each,Each,Northwind,1/12 scale,14,1,False,,14.0,285.0,426.08,18.0
496,75,Ride on big wheel monster truck (Black) 1/12 scale,Black,Each,Each,Northwind,1/12 scale,14,1,False,,14.0,345.0,515.78,21.0
453,74,Ride on vintage American toy coupe (Black) 1/12 scale,Black,Each,Each,Northwind,1/12 scale,14,1,False,,14.0,285.0,426.08,18.0
454,73,Ride on vintage American toy coupe (Red) 1/12 scale,Red,Each,Each,Northwind,1/12 scale,14,1,False,,14.0,285.0,426.08,18.0
6,214,Air cushion film 200mmx200mm 325m,,Each,Each,,325m,14,1,False,,14.0,90.0,134.55,6.0
7,213,Air cushion film 200mmx100mm 325m,,Each,Each,,325m,14,1,False,,14.0,87.0,130.07,5.0
44,176,Bubblewrap dispenser (Red) 1.5m,Red,Each,Each,,1.5m,14,1,False,,14.0,240.0,358.8,10.0
45,175,Bubblewrap dispenser (Blue) 1.5m,Blue,Each,Each,,1.5m,14,1,False,,14.0,240.0,358.8,10.0
46,174,Bubblewrap dispenser (Black) 1.5m,Black,Each,Each,,1.5m,14,1,False,,14.0,240.0,358.8,10.0
298,214,Air cushion film 200mmx200mm 325m,,Each,Each,,325m,14,1,False,,14.0,90.0,134.55,6.0
299,213,Air cushion film 200mmx100mm 325m,,Each,Each,,325m,14,1,False,,14.0,87.0,130.07,5.0
626,174,Bubblewrap dispenser (Black) 1.5m,Black,Each,Each,,1.5m,14,1,False,,14.0,240.0,358.8,10.0
627,175,Bubblewrap dispenser (Blue) 1.5m,Blue,Each,Each,,1.5m,14,1,False,,14.0,240.0,358.8,10.0
628,176,Bubblewrap dispenser (Red) 1.5m,Red,Each,Each,,1.5m,14,1,False,,14.0,240.0,358.8,10.0
665,213,Air cushion film 200mmx100mm 325m,,Each,Each,,325m,14,1,False,,14.0,87.0,130.07,5.0
666,214,Air cushion film 200mmx200mm 325m,,Each,Each,,325m,14,1,False,,14.0,90.0,134.55,6.0
336,176,Bubblewrap dispenser (Red) 1.5m,Red,Each,Each,,1.5m,14,1,False,,14.0,240.0,358.8,10.0
337,175,Bubblewrap dispenser (Blue) 1.5m,Blue,Each,Each,,1.5m,14,1,False,,14.0,240.0,358.8,10.0
338,174,Bubblewrap dispenser (Black) 1.5m,Black,Each,Each,,1.5m,14,1,False,,14.0,240.0,358.8,10.0
430,107,Superhero action jacket (Blue) 3XS,Blue,Each,Each,,3XS,12,1,False,,12.0,25.0,37.38,0.3
431,108,Superhero action jacket (Blue) XXS,Blue,Each,Each,,XXS,12,1,False,,12.0,25.0,37.38,0.3
110,110,Superhero action jacket (Blue) S,Blue,Each,Each,,S,12,1,False,,12.0,25.0,37.38,0.3
111,109,Superhero action jacket (Blue) XS,Blue,Each,Each,,XS,12,1,False,,12.0,25.0,37.38,0.3
112,108,Superhero action jacket (Blue) XXS,Blue,Each,Each,,XXS,12,1,False,,12.0,25.0,37.38,0.3
113,107,Superhero action jacket (Blue) 3XS,Blue,Each,Each,,3XS,12,1,False,,12.0,25.0,37.38,0.3
432,109,Superhero action jacket (Blue) XS,Blue,Each,Each,,XS,12,1,False,,12.0,25.0,37.38,0.3
433,110,Superhero action jacket (Blue) S,Blue,Each,Each,,S,12,1,False,,12.0,25.0,37.38,0.3
108,112,Superhero action jacket (Blue) L,Blue,Each,Each,,L,12,1,False,,12.0,30.0,44.85,0.35
109,111,Superhero action jacket (Blue) M,Blue,Each,Each,,M,12,1,False,,12.0,30.0,44.85,0.35
103,117,Superhero action jacket (Blue) 5XL,Blue,Each,Each,,5XL,12,1,False,,12.0,34.0,50.83,0.4
104,116,Superhero action jacket (Blue) 4XL,Blue,Each,Each,,4XL,12,1,False,,12.0,34.0,50.83,0.4
105,115,Superhero action jacket (Blue) 3XL,Blue,Each,Each,,3XL,12,1,False,,12.0,34.0,50.83,0.4
106,114,Superhero action jacket (Blue) XXL,Blue,Each,Each,,XXL,12,1,False,,12.0,30.0,44.85,0.35
107,113,Superhero action jacket (Blue) XL,Blue,Each,Each,,XL,12,1,False,,12.0,30.0,44.85,0.35
434,111,Superhero action jacket (Blue) M,Blue,Each,Each,,M,12,1,False,,12.0,30.0,44.85,0.35
435,112,Superhero action jacket (Blue) L,Blue,Each,Each,,L,12,1,False,,12.0,30.0,44.85,0.35
436,113,Superhero action jacket (Blue) XL,Blue,Each,Each,,XL,12,1,False,,12.0,30.0,44.85,0.35
437,114,Superhero action jacket (Blue) XXL,Blue,Each,Each,,XXL,12,1,False,,12.0,30.0,44.85,0.35
438,115,Superhero action jacket (Blue) 3XL,Blue,Each,Each,,3XL,12,1,False,,12.0,34.0,50.83,0.4
439,116,Superhero action jacket (Blue) 4XL,Blue,Each,Each,,4XL,12,1,False,,12.0,34.0,50.83,0.4
440,117,Superhero action jacket (Blue) 5XL,Blue,Each,Each,,5XL,12,1,False,,12.0,34.0,50.83,0.4
425,102,Alien officer hoodie (Black) XL,Black,Each,Each,,XL,12,1,False,,12.0,35.0,52.33,0.4
426,103,Alien officer hoodie (Black) XXL,Black,Each,Each,,XXL,12,1,False,,12.0,35.0,52.33,0.4
427,104,Alien officer hoodie (Black) 3XL,Black,Each,Each,,3XL,12,1,False,,12.0,35.0,52.33,0.4
428,105,Alien officer hoodie (Black) 4XL,Black,Each,Each,,4XL,12,1,False,,12.0,35.0,52.33,0.4
429,106,Alien officer hoodie (Black) 5XL,Black,Each,Each,,5XL,12,1,False,,12.0,35.0,52.33,0.4
114,106,Alien officer hoodie (Black) 5XL,Black,Each,Each,,5XL,12,1,False,,12.0,35.0,52.33,0.4
115,105,Alien officer hoodie (Black) 4XL,Black,Each,Each,,4XL,12,1,False,,12.0,35.0,52.33,0.4
116,104,Alien officer hoodie (Black) 3XL,Black,Each,Each,,3XL,12,1,False,,12.0,35.0,52.33,0.4
117,103,Alien officer hoodie (Black) XXL,Black,Each,Each,,XXL,12,1,False,,12.0,35.0,52.33,0.4
118,102,Alien officer hoodie (Black) XL,Black,Each,Each,,XL,12,1,False,,12.0,35.0,52.33,0.4
5,215,Air cushion machine (Blue),,Each,Each,,,20,1,False,,20.0,1899.0,2839.01,10.0
603,1,USB missile launcher (Green),,Each,Each,,,14,1,False,,14.0,25.0,37.38,0.3
604,2,USB rocket launcher (Gray),Steel Gray,Each,Each,,,14,1,False,,14.0,25.0,37.38,0.3
218,2,USB rocket launcher (Gray),Gray,Each,Each,,,14,1,False,,14.0,25.0,37.38,0.3
219,1,USB missile launcher (Green),,Each,Each,,,14,1,False,,14.0,25.0,37.38,0.3
297,215,Air cushion machine (Blue),,Each,Each,,,20,1,False,,20.0,1899.0,2839.01,10.0
667,215,Air cushion machine (Blue),,Each,Each,,,20,1,False,,20.0,1899.0,2839.01,10.0
291,2,USB rocket launcher (Gray),Steel Gray,Each,Each,,,14,1,False,,14.0,25.0,37.38,0.3
292,1,USB missile launcher (Green),,Each,Each,,,14,1,False,,14.0,25.0,37.38,0.3
594,7,USB food flash drive - pizza slice,,Each,Each,,,14,1,False,,14.0,32.0,47.84,0.05
596,9,USB food flash drive - banana,,Each,Each,,,14,1,False,,14.0,32.0,47.84,0.05
597,10,USB food flash drive - chocolate bar,,Each,Each,,,14,1,False,,14.0,32.0,47.84,0.05
598,11,USB food flash drive - cookie,,Each,Each,,,14,1,False,,14.0,32.0,47.84,0.05
599,12,USB food flash drive - donut,,Each,Each,,,14,1,False,,14.0,32.0,47.84,0.05
600,13,USB food flash drive - shrimp cocktail,,Each,Each,,,14,1,False,,14.0,32.0,47.84,0.05
601,14,USB food flash drive - fortune cookie,,Each,Each,,,14,1,False,,14.0,32.0,47.84,0.05
216,4,USB food flash drive - sushi roll,,Each,Each,,,14,1,False,,14.0,32.0,47.84,0.05
238,14,USB food flash drive - fortune cookie,,Each,Each,,,14,1,False,,14.0,32.0,47.84,0.05
239,13,USB food flash drive - shrimp cocktail,,Each,Each,,,14,1,False,,14.0,32.0,47.84,0.05
240,12,USB food flash drive - donut,,Each,Each,,,14,1,False,,14.0,32.0,47.84,0.05
241,11,USB food flash drive - cookie,,Each,Each,,,14,1,False,,14.0,32.0,47.84,0.05
242,10,USB food flash drive - chocolate bar,,Each,Each,,,14,1,False,,14.0,32.0,47.84,0.05
538,14,USB food flash drive - fortune cookie,,Each,Each,,,14,1,False,,14.0,32.0,47.84,0.05
539,13,USB food flash drive - shrimp cocktail,,Each,Each,,,14,1,False,,14.0,32.0,47.84,0.05
206,14,USB food flash drive - fortune cookie,,Each,Each,,,14,1,False,,14.0,32.0,47.84,0.05
207,13,USB food flash drive - shrimp cocktail,,Each,Each,,,14,1,False,,14.0,32.0,47.84,0.05
208,12,USB food flash drive - donut,,Each,Each,,,14,1,False,,14.0,32.0,47.84,0.05
209,11,USB food flash drive - cookie,,Each,Each,,,14,1,False,,14.0,32.0,47.84,0.05
210,10,USB food flash drive - chocolate bar,,Each,Each,,,14,1,False,,14.0,32.0,47.84,0.05
211,9,USB food flash drive - banana,,Each,Each,,,14,1,False,,14.0,32.0,47.84,0.05
213,7,USB food flash drive - pizza slice,,Each,Each,,,14,1,False,,14.0,32.0,47.84,0.05
214,6,USB food flash drive - hot dog,,Each,Each,,,14,1,False,,14.0,32.0,47.84,0.05
215,5,USB food flash drive - hamburger,,Each,Each,,,14,1,False,,14.0,32.0,47.84,0.05
243,9,USB food flash drive - banana,,Each,Each,,,14,1,False,,14.0,32.0,47.84,0.05
245,7,USB food flash drive - pizza slice,,Each,Each,,,14,1,False,,14.0,32.0,47.84,0.05
246,6,USB food flash drive - hot dog,,Each,Each,,,14,1,False,,14.0,32.0,47.84,0.05
247,5,USB food flash drive - hamburger,,Each,Each,,,14,1,False,,14.0,32.0,47.84,0.05
248,4,USB food flash drive - sushi roll,,Each,Each,,,14,1,False,,14.0,32.0,47.84,0.05
591,4,USB food flash drive - sushi roll,,Each,Each,,,14,1,False,,14.0,32.0,47.84,0.05
592,5,USB food flash drive - hamburger,,Each,Each,,,14,1,False,,14.0,32.0,47.84,0.05
593,6,USB food flash drive - hot dog,,Each,Each,,,14,1,False,,14.0,32.0,47.84,0.05
540,12,USB food flash drive - donut,,Each,Each,,,14,1,False,,14.0,32.0,47.84,0.05
541,11,USB food flash drive - cookie,,Each,Each,,,14,1,False,,14.0,32.0,47.84,0.05
542,10,USB food flash drive - chocolate bar,,Each,Each,,,14,1,False,,14.0,32.0,47.84,0.05
543,9,USB food flash drive - banana,,Each,Each,,,14,1,False,,14.0,32.0,47.84,0.05
545,7,USB food flash drive - pizza slice,,Each,Each,,,14,1,False,,14.0,32.0,47.84,0.05
546,6,USB food flash drive - hot dog,,Each,Each,,,14,1,False,,14.0,32.0,47.84,0.05
547,5,USB food flash drive - hamburger,,Each,Each,,,14,1,False,,14.0,32.0,47.84,0.05
548,4,USB food flash drive - sushi roll,,Each,Each,,,14,1,False,,14.0,32.0,47.84,0.05
568,35,Developer joke mug - fun was unexpected at this time (Black),Black,Each,Each,,,12,1,False,,12.0,13.0,19.44,0.15
570,37,Developer joke mug - when your hammer is C++ (Black),Black,Each,Each,,,12,1,False,,12.0,13.0,19.44,0.15
572,39,Developer joke mug - inheritance is the OO way to become wealthy (Black),Black,Each,Each,,,12,1,False,,12.0,13.0,19.44,0.15
574,41,"Developer joke mug - (hip, hip, array) (Black)",Black,Each,Each,,,12,1,False,,12.0,13.0,19.44,0.15
576,43,Developer joke mug - understanding recursion requires understanding recursion (Black),Black,Each,Each,,,12,1,False,,12.0,13.0,19.44,0.15
578,45,Developer joke mug - there are 10 types of people in the world (Black),Black,Each,Each,,,12,1,False,,12.0,13.0,19.44,0.15
580,47,Developer joke mug - a foo walks into a bar (Black),Black,Each,Each,,,12,1,False,,12.0,13.0,19.44,0.15
582,49,Developer joke mug - this code was generated by a tool (Black),Black,Each,Each,,,12,1,False,,12.0,13.0,19.44,0.15
584,51,Developer joke mug - old C developers never die (Black),Black,Each,Each,,,12,1,False,,12.0,13.0,19.44,0.15
586,53,IT joke mug - keyboard not found  press F1 to continue (Black),Black,Each,Each,,,12,1,False,,12.0,13.0,19.44,0.15
588,55,IT joke mug - that behavior is by design (Black),Black,Each,Each,,,12,1,False,,12.0,13.0,19.44,0.15
590,57,IT joke mug - hardware: part of the computer that can be kicked (Black),Black,Each,Each,,,12,1,False,,12.0,13.0,19.44,0.15
550,17,DBA joke mug - mind if I join you? (Black),Black,Each,Each,,,12,1,False,,12.0,13.0,19.44,0.15
552,19,DBA joke mug - daaaaaa-ta (Black),Black,Each,Each,,,12,1,False,,12.0,13.0,19.44,0.15
554,21,DBA joke mug - you might be a DBA if (Black),Black,Each,Each,,,12,1,False,,12.0,13.0,19.44,0.15
556,23,DBA joke mug - it depends (Black),Black,Each,Each,,,12,1,False,,12.0,13.0,19.44,0.15
558,25,DBA joke mug - I will get you in order (Black),Black,Each,Each,,,12,1,False,,12.0,13.0,19.44,0.15
560,27,DBA joke mug - SELECT caffeine FROM mug (Black),Black,Each,Each,,,12,1,False,,12.0,13.0,19.44,0.15
562,29,DBA joke mug - two types of DBAs (Black),Black,Each,Each,,,12,1,False,,12.0,13.0,19.44,0.15
564,31,Developer joke mug - Oct 31 = Dec 25 (Black),Black,Each,Each,,,12,1,False,,12.0,13.0,19.44,0.15
566,33,Developer joke mug - that's a hardware problem (Black),Black,Each,Each,,,12,1,False,,12.0,13.0,19.44,0.15
249,57,IT joke mug - hardware: part of the computer that can be kicked (Black),Black,Each,Each,,,12,1,False,,12.0,13.0,19.44,0.15
251,55,IT joke mug - that behavior is by design (Black),Black,Each,Each,,,12,1,False,,12.0,13.0,19.44,0.15
253,53,IT joke mug - keyboard not found  press F1 to continue (Black),Black,Each,Each,,,12,1,False,,12.0,13.0,19.44,0.15
255,51,Developer joke mug - old C developers never die (Black),Black,Each,Each,,,12,1,False,,12.0,13.0,19.44,0.15
257,49,Developer joke mug - this code was generated by a tool (Black),Black,Each,Each,,,12,1,False,,12.0,13.0,19.44,0.15
259,47,Developer joke mug - a foo walks into a bar (Black),Black,Each,Each,,,12,1,False,,12.0,13.0,19.44,0.15
261,45,Developer joke mug - there are 10 types of people in the world (Black),Black,Each,Each,,,12,1,False,,12.0,13.0,19.44,0.15
263,43,Developer joke mug - understanding recursion requires understanding recursion (Black),Black,Each,Each,,,12,1,False,,12.0,13.0,19.44,0.15
265,41,"Developer joke mug - (hip, hip, array) (Black)",Black,Each,Each,,,12,1,False,,12.0,13.0,19.44,0.15
267,39,Developer joke mug - inheritance is the OO way to become wealthy (Black),Black,Each,Each,,,12,1,False,,12.0,13.0,19.44,0.15
269,37,Developer joke mug - when your hammer is C++ (Black),Black,Each,Each,,,12,1,False,,12.0,13.0,19.44,0.15
271,35,Developer joke mug - fun was unexpected at this time (Black),Black,Each,Each,,,12,1,False,,12.0,13.0,19.44,0.15
273,33,Developer joke mug - that's a hardware problem (Black),Black,Each,Each,,,12,1,False,,12.0,13.0,19.44,0.15
275,31,Developer joke mug - Oct 31 = Dec 25 (Black),Black,Each,Each,,,12,1,False,,12.0,13.0,19.44,0.15
277,29,DBA joke mug - two types of DBAs (Black),Black,Each,Each,,,12,1,False,,12.0,13.0,19.44,0.15
279,27,DBA joke mug - SELECT caffeine FROM mug (Black),Black,Each,Each,,,12,1,False,,12.0,13.0,19.44,0.15
281,25,DBA joke mug - I will get you in order (Black),Black,Each,Each,,,12,1,False,,12.0,13.0,19.44,0.15
283,23,DBA joke mug - it depends (Black),Black,Each,Each,,,12,1,False,,12.0,13.0,19.44,0.15
285,21,DBA joke mug - you might be a DBA if (Black),Black,Each,Each,,,12,1,False,,12.0,13.0,19.44,0.15
287,19,DBA joke mug - daaaaaa-ta (Black),Black,Each,Each,,,12,1,False,,12.0,13.0,19.44,0.15
289,17,DBA joke mug - mind if I join you? (Black),Black,Each,Each,,,12,1,False,,12.0,13.0,19.44,0.15
163,57,IT joke mug - hardware: part of the computer that can be kicked (Black),Black,Each,Each,,,12,1,False,,12.0,13.0,19.44,0.15
165,55,IT joke mug - that behavior is by design (Black),Black,Each,Each,,,12,1,False,,12.0,13.0,19.44,0.15
167,53,IT joke mug - keyboard not found  press F1 to continue (Black),Black,Each,Each,,,12,1,False,,12.0,13.0,19.44,0.15
169,51,Developer joke mug - old C developers never die (Black),Black,Each,Each,,,12,1,False,,12.0,13.0,19.44,0.15
171,49,Developer joke mug - this code was generated by a tool (Black),Black,Each,Each,,,12,1,False,,12.0,13.0,19.44,0.15
173,47,Developer joke mug - a foo walks into a bar (Black),Black,Each,Each,,,12,1,False,,12.0,13.0,19.44,0.15
189,31,Developer joke mug - Oct 31 = Dec 25 (Black),Black,Each,Each,,,12,1,False,,12.0,13.0,19.44,0.15
191,29,DBA joke mug - two types of DBAs (Black),Black,Each,Each,,,12,1,False,,12.0,13.0,19.44,0.15
193,27,DBA joke mug - SELECT caffeine FROM mug (Black),Black,Each,Each,,,12,1,False,,12.0,13.0,19.44,0.15
195,25,DBA joke mug - I will get you in order (Black),Black,Each,Each,,,12,1,False,,12.0,13.0,19.44,0.15
197,23,DBA joke mug - it depends (Black),Black,Each,Each,,,12,1,False,,12.0,13.0,19.44,0.15
199,21,DBA joke mug - you might be a DBA if (Black),Black,Each,Each,,,12,1,False,,12.0,13.0,19.44,0.15
201,19,DBA joke mug - daaaaaa-ta (Black),Black,Each,Each,,,12,1,False,,12.0,13.0,19.44,0.15
203,17,DBA joke mug - mind if I join you? (Black),Black,Each,Each,,,12,1,False,,12.0,13.0,19.44,0.15
175,45,Developer joke mug - there are 10 types of people in the world (Black),Black,Each,Each,,,12,1,False,,12.0,13.0,19.44,0.15
177,43,Developer joke mug - understanding recursion requires understanding recursion (Black),Black,Each,Each,,,12,1,False,,12.0,13.0,19.44,0.15
179,41,"Developer joke mug - (hip, hip, array) (Black)",Black,Each,Each,,,12,1,False,,12.0,13.0,19.44,0.15
181,39,Developer joke mug - inheritance is the OO way to become wealthy (Black),Black,Each,Each,,,12,1,False,,12.0,13.0,19.44,0.15
183,37,Developer joke mug - when your hammer is C++ (Black),Black,Each,Each,,,12,1,False,,12.0,13.0,19.44,0.15
185,35,Developer joke mug - fun was unexpected at this time (Black),Black,Each,Each,,,12,1,False,,12.0,13.0,19.44,0.15
187,33,Developer joke mug - that's a hardware problem (Black),Black,Each,Each,,,12,1,False,,12.0,13.0,19.44,0.15
567,34,Developer joke mug - fun was unexpected at this time (White),White,Each,Each,,,12,1,False,,12.0,13.0,19.44,0.15
569,36,Developer joke mug - when your hammer is C++ (White),White,Each,Each,,,12,1,False,,12.0,13.0,19.44,0.15
571,38,Developer joke mug - inheritance is the OO way to become wealthy (White),White,Each,Each,,,12,1,False,,12.0,13.0,19.44,0.15
573,40,"Developer joke mug - (hip, hip, array) (White)",White,Each,Each,,,12,1,False,,12.0,13.0,19.44,0.15
575,42,Developer joke mug - understanding recursion requires understanding recursion (White),White,Each,Each,,,12,1,False,,12.0,13.0,19.44,0.15
577,44,Developer joke mug - there are 10 types of people in the world (White),White,Each,Each,,,12,1,False,,12.0,13.0,19.44,0.15
579,46,Developer joke mug - a foo walks into a bar (White),White,Each,Each,,,12,1,False,,12.0,13.0,19.44,0.15
581,48,Developer joke mug - this code was generated by a tool (White),White,Each,Each,,,12,1,False,,12.0,13.0,19.44,0.15
583,50,Developer joke mug - old C developers never die (White),White,Each,Each,,,12,1,False,,12.0,13.0,19.44,0.15
585,52,IT joke mug - keyboard not found  press F1 to continue (White),White,Each,Each,,,12,1,False,,12.0,13.0,19.44,0.15
587,54,IT joke mug - that behavior is by design (White),White,Each,Each,,,12,1,False,,12.0,13.0,19.44,0.15
589,56,IT joke mug - hardware: part of the computer that can be kicked (White),White,Each,Each,,,12,1,False,,12.0,13.0,19.44,0.15
549,16,DBA joke mug - mind if I join you? (White),White,Each,Each,,,12,1,False,,12.0,13.0,19.44,0.15
551,18,DBA joke mug - daaaaaa-ta (White),White,Each,Each,,,12,1,False,,12.0,13.0,19.44,0.15
553,20,DBA joke mug - you might be a DBA if (White),White,Each,Each,,,12,1,False,,12.0,13.0,19.44,0.15
555,22,DBA joke mug - it depends (White),White,Each,Each,,,12,1,False,,12.0,13.0,19.44,0.15
557,24,DBA joke mug - I will get you in order (White),White,Each,Each,,,12,1,False,,12.0,13.0,19.44,0.15
559,26,DBA joke mug - SELECT caffeine FROM mug (White),White,Each,Each,,,12,1,False,,12.0,13.0,19.44,0.15
561,28,DBA joke mug - two types of DBAs (White),White,Each,Each,,,12,1,False,,12.0,13.0,19.44,0.15
563,30,Developer joke mug - Oct 31 = Dec 25 (White),White,Each,Each,,,12,1,False,,12.0,13.0,19.44,0.15
565,32,Developer joke mug - that's a hardware problem (White),White,Each,Each,,,12,1,False,,12.0,13.0,19.44,0.15
250,56,IT joke mug - hardware: part of the computer that can be kicked (White),White,Each,Each,,,12,1,False,,12.0,13.0,19.44,0.15
252,54,IT joke mug - that behavior is by design (White),White,Each,Each,,,12,1,False,,12.0,13.0,19.44,0.15
254,52,IT joke mug - keyboard not found  press F1 to continue (White),White,Each,Each,,,12,1,False,,12.0,13.0,19.44,0.15
256,50,Developer joke mug - old C developers never die (White),White,Each,Each,,,12,1,False,,12.0,13.0,19.44,0.15
258,48,Developer joke mug - this code was generated by a tool (White),White,Each,Each,,,12,1,False,,12.0,13.0,19.44,0.15
260,46,Developer joke mug - a foo walks into a bar (White),White,Each,Each,,,12,1,False,,12.0,13.0,19.44,0.15
262,44,Developer joke mug - there are 10 types of people in the world (White),White,Each,Each,,,12,1,False,,12.0,13.0,19.44,0.15
264,42,Developer joke mug - understanding recursion requires understanding recursion (White),White,Each,Each,,,12,1,False,,12.0,13.0,19.44,0.15
266,40,"Developer joke mug - (hip, hip, array) (White)",White,Each,Each,,,12,1,False,,12.0,13.0,19.44,0.15
268,38,Developer joke mug - inheritance is the OO way to become wealthy (White),White,Each,Each,,,12,1,False,,12.0,13.0,19.44,0.15
270,36,Developer joke mug - when your hammer is C++ (White),White,Each,Each,,,12,1,False,,12.0,13.0,19.44,0.15
272,34,Developer joke mug - fun was unexpected at this time (White),White,Each,Each,,,12,1,False,,12.0,13.0,19.44,0.15
274,32,Developer joke mug - that's a hardware problem (White),White,Each,Each,,,12,1,False,,12.0,13.0,19.44,0.15
276,30,Developer joke mug - Oct 31 = Dec 25 (White),White,Each,Each,,,12,1,False,,12.0,13.0,19.44,0.15
278,28,DBA joke mug - two types of DBAs (White),White,Each,Each,,,12,1,False,,12.0,13.0,19.44,0.15
280,26,DBA joke mug - SELECT caffeine FROM mug (White),White,Each,Each,,,12,1,False,,12.0,13.0,19.44,0.15
282,24,DBA joke mug - I will get you in order (White),White,Each,Each,,,12,1,False,,12.0,13.0,19.44,0.15
284,22,DBA joke mug - it depends (White),White,Each,Each,,,12,1,False,,12.0,13.0,19.44,0.15
286,20,DBA joke mug - you might be a DBA if (White),White,Each,Each,,,12,1,False,,12.0,13.0,19.44,0.15
288,18,DBA joke mug - daaaaaa-ta (White),White,Each,Each,,,12,1,False,,12.0,13.0,19.44,0.15
290,16,DBA joke mug - mind if I join you? (White),White,Each,Each,,,12,1,False,,12.0,13.0,19.44,0.15
164,56,IT joke mug - hardware: part of the computer that can be kicked (White),White,Each,Each,,,12,1,False,,12.0,13.0,19.44,0.15
166,54,IT joke mug - that behavior is by design (White),White,Each,Each,,,12,1,False,,12.0,13.0,19.44,0.15
168,52,IT joke mug - keyboard not found  press F1 to continue (White),White,Each,Each,,,12,1,False,,12.0,13.0,19.44,0.15
170,50,Developer joke mug - old C developers never die (White),White,Each,Each,,,12,1,False,,12.0,13.0,19.44,0.15
172,48,Developer joke mug - this code was generated by a tool (White),White,Each,Each,,,12,1,False,,12.0,13.0,19.44,0.15
174,46,Developer joke mug - a foo walks into a bar (White),White,Each,Each,,,12,1,False,,12.0,13.0,19.44,0.15
190,30,Developer joke mug - Oct 31 = Dec 25 (White),White,Each,Each,,,12,1,False,,12.0,13.0,19.44,0.15
192,28,DBA joke mug - two types of DBAs (White),White,Each,Each,,,12,1,False,,12.0,13.0,19.44,0.15
194,26,DBA joke mug - SELECT caffeine FROM mug (White),White,Each,Each,,,12,1,False,,12.0,13.0,19.44,0.15
196,24,DBA joke mug - I will get you in order (White),White,Each,Each,,,12,1,False,,12.0,13.0,19.44,0.15
198,22,DBA joke mug - it depends (White),White,Each,Each,,,12,1,False,,12.0,13.0,19.44,0.15
200,20,DBA joke mug - you might be a DBA if (White),White,Each,Each,,,12,1,False,,12.0,13.0,19.44,0.15
202,18,DBA joke mug - daaaaaa-ta (White),White,Each,Each,,,12,1,False,,12.0,13.0,19.44,0.15
204,16,DBA joke mug - mind if I join you? (White),White,Each,Each,,,12,1,False,,12.0,13.0,19.44,0.15
176,44,Developer joke mug - there are 10 types of people in the world (White),White,Each,Each,,,12,1,False,,12.0,13.0,19.44,0.15
178,42,Developer joke mug - understanding recursion requires understanding recursion (White),White,Each,Each,,,12,1,False,,12.0,13.0,19.44,0.15
180,40,"Developer joke mug - (hip, hip, array) (White)",White,Each,Each,,,12,1,False,,12.0,13.0,19.44,0.15
182,38,Developer joke mug - inheritance is the OO way to become wealthy (White),White,Each,Each,,,12,1,False,,12.0,13.0,19.44,0.15
184,36,Developer joke mug - when your hammer is C++ (White),White,Each,Each,,,12,1,False,,12.0,13.0,19.44,0.15
186,34,Developer joke mug - fun was unexpected at this time (White),White,Each,Each,,,12,1,False,,12.0,13.0,19.44,0.15
188,32,Developer joke mug - that's a hardware problem (White),White,Each,Each,,,12,1,False,,12.0,13.0,19.44,0.15
